Your Message,Response,timestamp
what can you say about the ocean and the sky,"what can you say about the ocean and the sky?

I think it's a good thing that we're not in the middle of the ocean.

I think it's a good thing that we're not in the middle of the ocean.

I think it's a good thing that we're not in the middle of the ocean.

I think it's a good thing that we're not in the middle of the ocean.

I think it's a good thing that we're not in the middle of the ocean.

I think it's a good thing that we're not in the middle of the ocean.

I think it's a good thing that we're not in the middle of the ocean",2025-04-17 03:58:57.313791
